team,score
HCMUS_TheFangs,0.1516907875507338
all_awareness,0.1396663918577936
alluding123,0.1304924281314974
drumplstiltskin,0.1273780104099505
pingsheng-li,0.1236607050362597
sazeglio,0.1230221628724616
utsab,0.1263195808999458

